,source,target,dist,tol,changed
0,1.0,2.0,24.9880773621407,0.0713945053210833,False
1,1.0,3.0,49.81455368535695,0.14232729339733108,False
2,1.0,10.0,103.38036178529762,0.2953724563362582,False
3,1.0,20.0,124.76362095679362,0.35646748131863193,False
4,1.0,21.0,100.17550666313224,0.2862157275989203,False
5,1.0,23.0,111.56464473233369,0.31875612143154514,False
6,1.0,26.0,141.66273383512905,0.4047506600053553,False
7,1.0,27.0,125.30013595577536,0.3580003812850647,False
8,1.0,28.0,112.22438175545383,0.3206410843170463,False
9,1.0,33.0,115.18079785583119,0.3290879872920435,False
11,1.0,40.0,111.84852414382445,0.31956720544815415,False
12,1.0,42.0,146.0081618017617,0.41716616823313846,False
13,1.0,60.0,106.01816817849118,0.3029090458803652,False
14,1.0,61.0,90.49273607951798,0.258550669341895,False
15,1.0,63.0,124.3171096351023,0.3551917347107431,False
16,1.0,67.0,111.82627283056826,0.31950363026869366,False
17,1.0,70.0,114.98151789878504,0.32851861599758475,False
18,1.0,73.0,122.89854060549955,0.35113868042151064,False
19,1.0,74.0,134.2556540117964,0.3835875752190952,False
20,1.0,81.0,105.94090916985961,0.30268830586011836,False
10,1.0,84.0,103.22918174287022,0.29494051336653315,True
21,1.0,85.0,122.1797297444843,0.3490849351453991,False
22,1.0,89.0,145.84317631496558,0.4166947811374344,False
23,1.0,97.0,55.654757058396655,0.15901358841514718,False
24,1.0,98.0,79.15149093294579,0.22614711242833133,False
26,2.0,7.0,25.005015630431693,0.07144290037237537,False
27,2.0,11.0,55.86122404919483,0.15960349409134386,False
28,2.0,15.0,89.91559580415671,0.2569016971595566,False
29,2.0,17.0,75.25801781503172,0.21502290374248959,False
30,2.0,18.0,79.18241766135705,0.22623547450773912,False
31,2.0,26.0,125.28801210647399,0.35796574171632495,False
32,2.0,28.0,102.7755269947002,0.29364435696911334,False
33,2.0,33.0,105.75794475753973,0.3021655504068024,False
34,2.0,37.0,122.70376803229179,0.3505821873663327,False
1227,2.0,39.0,111.80339887498948,0.3194382761112043,False
35,2.0,44.0,125.20060532208112,0.35771600805162573,False
36,2.0,45.0,127.28808782596988,0.3636802436577375,False
37,2.0,48.0,143.51525098374648,0.4100435660384042,False
38,2.0,49.0,141.51746620449808,0.404335609640425,False
39,2.0,52.0,55.94585279623309,0.15984529050661722,False
40,2.0,57.0,93.29476019373858,0.26655645236526676,False
41,2.0,58.0,75.27087239885662,0.21505963112411192,False
42,2.0,64.0,114.9832619921246,0.32852359912131246,False
43,2.0,66.0,79.1365645929581,0.22610446574350512,False
44,2.0,68.0,51.09752821665118,0.14599293484200174,True
45,2.0,83.0,113.65692719206511,0.32473407119693304,False
46,2.0,89.0,135.29317351851626,0.38655191660757937,False
47,2.0,93.0,50.13820605421271,0.14325201443271024,False
48,2.0,98.0,55.75991867668546,0.15931405017567737,False
49,3.0,6.0,55.723979762732505,0.15921136756643686,False
50,3.0,11.0,70.69603217893325,0.20198865932860746,False
51,3.0,17.0,79.17303763951907,0.22620867444588091,False
52,3.0,28.0,99.37943491172287,0.28394123692609763,False
53,3.0,33.0,103.17392441753466,0.2947826352973033,False
54,3.0,42.0,127.32872556170626,0.363796351471805,False
55,3.0,43.0,125.30747444865462,0.3580213484071575,False
56,3.0,44.0,127.27552367826044,0.3636443460935713,False
57,3.0,45.0,134.67145959791975,0.38477559115568727,False
58,3.0,47.0,144.23579055125728,0.41210225047583277,False
59,3.0,59.0,75.0852839745159,0.21452937849374348,False
60,3.0,63.0,135.30217573394157,0.38657763722256583,False
61,3.0,65.0,114.7497087542794,0.3278563041693863,False
62,3.0,66.0,56.01296810033582,0.16003704851450418,False
63,3.0,68.0,89.92546150614788,0.25692988487896756,False
64,3.0,74.0,103.01887121480928,0.29433962615551956,False
65,3.0,77.0,117.01862608348374,0.33433892498031775,False
66,3.0,78.0,114.55240007574066,0.32729256509912186,False
67,3.0,79.0,122.48207701879059,0.349948784483283,False
68,3.0,83.0,105.58432416389925,0.30166949157775075,False
69,3.0,84.0,114.75524885516111,0.3278721330287318,False
70,3.0,89.0,127.91486561933009,0.3654710373172365,False
71,3.0,94.0,49.75734987083044,0.1421638539305241,False
72,3.0,95.0,55.959887015320845,0.1598853882746374,False
73,4.0,5.0,24.997124664324364,0.07142035475537677,False
74,4.0,6.0,79.03023213689092,0.2258006587322465,False
75,4.0,9.0,24.98408158146789,0.07138308880510359,False
87,4.0,16.0,43.44139073464275,0.12411825675947125,True
76,4.0,18.0,79.2495851689202,0.22642738166836715,False
77,4.0,30.0,125.26305435302609,0.35789443385075714,False
78,4.0,38.0,114.22965304550279,0.32637043074545635,False
79,4.0,42.0,125.20712676755363,0.35773464075260314,False
80,4.0,45.0,145.90153664714865,0.41686152494033685,False
81,4.0,49.0,150.20354309579602,0.4291529716906433,False
82,4.0,51.0,105.63163714699874,0.30180467152676,False
83,4.0,52.0,89.90498629274609,0.25687138427041817,False
84,4.0,59.0,93.1779180211764,0.2662226175931944,False
85,4.0,62.0,108.82036295341717,0.3109153165057426,False
86,4.0,64.0,134.66607585504912,0.38476020903350744,False
88,4.0,75.0,82.62673453679965,0.23607637966932846,False
89,4.0,77.0,108.83441893388424,0.310955476449131,False
90,4.0,79.0,114.98330877948152,0.32852373279947245,False
91,4.0,83.0,103.2975079738726,0.2951357311654927,False
92,4.0,87.0,134.860102325228,0.3853145703657885,False
93,4.0,90.0,90.22703531199114,0.25779152430700125,False
94,4.0,95.0,50.088663656412024,0.14311046472753927,False
95,4.0,96.0,55.81134599197343,0.15946098535927575,False
96,4.0,98.0,24.98743198603143,0.0713926613893794,False
97,5.0,11.0,111.05333755328584,0.3172952438063402,False
98,5.0,18.0,90.28041744717602,0.25794404469019333,False
1229,5.0,20.0,75.0,0.21428571,False
99,5.0,21.0,141.29819659130948,0.40370912504384443,False
100,5.0,27.0,102.73764999612237,0.2935361369753411,False
101,5.0,31.0,102.95062318829666,0.29414463179795486,False
102,5.0,34.0,127.54378010707951,0.36441079301772544,False
103,5.0,35.0,143.388398831631,0.40968113132532297,False
105,5.0,40.0,150.9059605532987,0.43115987867194144,False
106,5.0,44.0,145.18147327960872,0.41480420107422644,False
107,5.0,46.0,141.43811209885249,0.40410888362882924,False
108,5.0,53.0,103.07928716232655,0.2945122431449737,False
109,5.0,54.0,127.20448028594542,0.3634413649767309,False
104,5.0,62.0,111.53566429811775,0.3186733201925842,True
110,5.0,67.0,49.746378033147536,0.14213250582348563,False
112,5.0,73.0,70.71190328473256,0.20203400534426996,False
113,5.0,77.0,106.21926870685974,0.3034836188070696,False
115,5.0,83.0,106.51054150355931,0.30431582678099567,False
116,5.0,88.0,134.5961274618983,0.384560356485645,False
1228,5.0,92.0,79.05694150420949,0.2258769712087733,False
117,5.0,93.0,90.00837642195248,0.25716678463367126,False
118,5.0,94.0,71.0110988924171,0.20288884992055747,False
119,5.0,96.0,78.84460444203954,0.2252702939004213,False
120,5.0,98.0,35.32616919332653,0.10093190996229469,False
121,6.0,13.0,55.76114292916273,0.1593175480398282,False
122,6.0,16.0,50.140408316443704,0.14325830661038724,False
123,6.0,17.0,55.832208648803864,0.15952059294902768,False
124,6.0,18.0,70.44735374524392,0.20127814953227666,False
125,6.0,21.0,74.90988052995019,0.21402822580500735,False
126,6.0,34.0,103.05873879292494,0.2944535335192862,False
127,6.0,37.0,127.2422420940416,0.3635492558548479,False
128,6.0,40.0,102.7211214458412,0.2934889125469108,False
129,6.0,42.0,134.98479058369992,0.385670822525726,False
130,6.0,43.0,122.5736620004836,0.3502104558543153,False
1230,6.0,50.0,125.0,0.35714285,False
131,6.0,52.0,55.92700990839559,0.1597914536853011,False
133,6.0,57.0,79.02570658016094,0.22578772857041945,False
134,6.0,59.0,35.37732609845145,0.10107807254544265,False
135,6.0,65.0,78.86005706317825,0.22531444424564886,False
136,6.0,70.0,111.70764946257917,0.3191647063669319,False
137,6.0,71.0,124.64053798972826,0.3561158157054785,False
138,6.0,74.0,127.80500338966087,0.36515714523874515,False
139,6.0,77.0,134.3318499537332,0.3838052779059892,False
140,6.0,79.0,135.01895714207268,0.3857684412619815,False
141,6.0,92.0,109.12272981393147,0.31177922180421963,False
142,6.0,95.0,93.49581497152171,0.26713089457601547,False
143,6.0,98.0,82.53591348155157,0.23581689094523803,False
144,7.0,9.0,49.923116381770136,0.1426374725237366,False
145,7.0,10.0,75.13797001125334,0.2146799100242684,False
146,7.0,13.0,35.36528155792542,0.1010436595731994,False
147,7.0,14.0,56.20514529323251,0.16058612619751317,False
1231,7.0,17.0,50.0,0.14285714,False
148,7.0,18.0,56.2870599272972,0.1608201680044457,False
149,7.0,21.0,79.25313660106457,0.22643752861714808,False
150,7.0,22.0,74.95961834545491,0.21417033384646442,False
151,7.0,23.0,79.37098490476086,0.2267742380495462,False
152,7.0,27.0,115.04192678960455,0.3286912128250457,False
153,7.0,34.0,100.6117772479954,0.2874622149593139,False
154,7.0,50.0,127.91471076686983,0.36547059488164463,False
155,7.0,54.0,78.9546861117673,0.22558481295049593,False
156,7.0,56.0,35.38230571504356,0.10109230002113556,False
158,7.0,63.0,108.89701476701043,0.31113432168305755,False
159,7.0,64.0,93.8577423836699,0.2681649728757573,False
160,7.0,66.0,82.7471909728917,0.23642054090842252,False
1232,7.0,72.0,82.915619758885,0.236901766001636,False
161,7.0,73.0,93.44486376020582,0.266985319689453,False
163,7.0,79.0,116.5576766778119,0.3330219267047382,False
164,7.0,81.0,78.85919623244536,0.22531198472931838,False
165,7.0,83.0,93.8041231254704,0.26801177499825124,False
166,7.0,88.0,109.3163854685089,0.31233252366337483,False
167,7.0,94.0,144.89414430888746,0.4139832611742988,True
168,8.0,11.0,55.86015679507482,0.1596004447939191,False
169,8.0,12.0,35.368362343399404,0.10105246181723473,False
170,8.0,13.0,25.094997424460885,0.07169999120731696,False
171,8.0,14.0,35.34524067348148,0.10098639990450474,False
172,8.0,16.0,70.79726490759768,0.20227789569043536,False
173,8.0,36.0,114.8991171876286,0.32828318539898926,False
174,8.0,37.0,106.29844412199095,0.3037098342743488,False
175,8.0,43.0,111.27999906636708,0.3179428481164774,False
176,8.0,44.0,114.52117907794421,0.3272033622500589,False
177,8.0,47.0,127.18031620453601,0.3633723247455134,False
178,8.0,48.0,56.09854612967461,0.16028155716486767,True
179,8.0,60.0,103.54403305729501,0.2958400885326124,False
180,8.0,62.0,74.69610743387021,0.21341744554270872,False
181,8.0,65.0,93.34227301637361,0.26669220328436616,False
182,8.0,71.0,89.79410831949355,0.25655459006746106,False
183,8.0,74.0,94.20279282531978,0.26915083126075406,False
184,8.0,78.0,93.36152862585236,0.26674721931034795,False
185,8.0,80.0,117.5799606538986,0.33594273800656965,False
186,8.0,82.0,78.75730376220022,0.22502086339158328,False
187,8.0,83.0,83.05536306391258,0.23730103257944377,False
188,8.0,85.0,90.345756689074,0.2581307282347396,False
189,8.0,87.0,108.01871921927722,0.3086249058825795,False
190,8.0,91.0,78.86283972524241,0.2253223947085303,False
191,8.0,92.0,82.73168198803084,0.236376229523992,False
192,8.0,98.0,43.42338382733834,0.12406680845391618,False
193,9.0,12.0,55.85040385796636,0.15957257925988083,False
194,9.0,16.0,89.87183397477793,0.25677666336383215,False
195,9.0,18.0,55.901214681005776,0.15971775303708993,False
196,9.0,23.0,79.08933631973184,0.22596952782270033,False
197,9.0,26.0,105.99010463802618,0.3028288643377831,False
198,9.0,33.0,103.39655940485619,0.29541873524835716,False
199,9.0,36.0,106.30980555021108,0.3037422954971856,False
200,9.0,38.0,106.17122915037005,0.30334636293412987,False
201,9.0,45.0,135.21987368663918,0.38634248852069053,False
202,9.0,49.0,134.5861318684957,0.38453179764792306,False
203,9.0,53.0,82.87572545368324,0.23678778227476782,False
204,9.0,54.0,106.15494591920383,0.3032998394174426,False
205,9.0,58.0,93.90677370471835,0.26830506236166535,False
206,9.0,63.0,130.37525746838887,0.37250072817395347,False
207,9.0,64.0,117.6206805479933,0.33605908055879913,False
208,9.0,66.0,43.1892893508683,0.12339796710595002,False
209,9.0,72.0,43.45830545660846,0.12416658453554956,False
210,9.0,82.0,82.5157610031791,0.23575931243675394,False
211,9.0,84.0,102.56645297111079,0.2930470026279478,False
212,9.0,85.0,93.30882541688094,0.26659663871629835,False
213,9.0,88.0,109.21189379269137,0.3120339760241529,False
214,9.0,91.0,83.1003104695364,0.23742945373580052,False
215,9.0,98.0,35.27746988577144,0.10079276908634868,False
216,10.0,20.0,50.035841990833404,0.14295954568604732,False
217,10.0,21.0,124.82809252828491,0.356651685804923,False
218,10.0,25.0,74.98118607704532,0.2142319559354903,False
219,10.0,26.0,103.49672267392377,0.2957049160113981,False
220,10.0,29.0,127.23652979990231,0.36353293501477635,False
221,10.0,31.0,99.33709346813409,0.28382026137540634,False
222,10.0,32.0,102.90881215152552,0.29402517169528364,False
223,10.0,34.0,125.29529224124825,0.3579865421009783,False
224,10.0,36.0,102.55980121995177,0.29302799762501636,False
225,10.0,40.0,142.61986947970985,0.40748533322089275,False
226,10.0,41.0,112.29318782105528,0.3208376730719758,False
227,10.0,42.0,114.90619554064095,0.3283034092643344,False
228,10.0,43.0,122.069798776686,0.3487708466722572,False
229,10.0,51.0,127.55594697535426,0.3644455554978152,False
230,10.0,55.0,112.34364205559405,0.3209818280249177,False
231,10.0,64.0,134.4919922539671,0.38426282732607786,False
232,10.0,70.0,50.063387101477325,0.1430382460005988,False
233,10.0,71.0,74.91864119203935,0.21405325626761862,False
234,10.0,77.0,89.97052519043723,0.25705863826007636,False
235,10.0,87.0,130.23030918432667,0.3720865902277728,False
236,10.0,91.0,93.7486538601902,0.2678532913863346,False
237,10.0,94.0,74.9348709190421,0.21409962691527049,False
238,10.0,98.0,43.31064685022228,0.12374470281145526,False
239,11.0,18.0,55.79939568128982,0.1594268416151483,False
1233,11.0,21.0,50.0,0.14285714,False
240,11.0,29.0,114.79169393931531,0.3279762618385184,False
241,11.0,31.0,143.80015669681296,0.41085758234517095,False
243,11.0,46.0,149.90597089518224,0.4283027654201795,False
244,11.0,48.0,98.57580433256834,0.2816451496030064,True
245,11.0,52.0,70.4665039805288,0.2013328644891392,False
246,11.0,56.0,35.22765225058872,0.10065043298867335,False
247,11.0,57.0,75.27562570195253,0.21507321198982865,False
248,11.0,59.0,25.065329248842232,0.071615224992959,False
249,11.0,61.0,55.88954070837838,0.15968439883025018,False
250,11.0,68.0,134.63117481215303,0.3846604917700844,False
251,11.0,70.0,114.93866603764712,0.328396182111068,False
252,11.0,71.0,127.87713124814573,0.36536322483029454,False
253,11.0,75.0,105.77396882630804,0.3022113334595104,False
254,11.0,86.0,103.36465206039706,0.2953275714088686,False
255,11.0,90.0,93.65024058873992,0.267572110616386,False
256,11.0,91.0,103.20261460702801,0.29486460726564495,False
257,11.0,92.0,117.36849534527911,0.3353385514225977,False
258,11.0,94.0,86.40868853926628,0.24688196231740714,False
259,11.0,97.0,74.87111201422033,0.2139174586194231,False
260,12.0,15.0,74.88069366767445,0.21394483477160162,False
261,12.0,17.0,25.02188102709847,0.071491087219031,False
262,12.0,24.0,70.44759428753892,0.20127883679596295,False
263,12.0,26.0,134.4486689456102,0.38413904644753377,False
264,12.0,28.0,114.90995471548787,0.32831414976368223,False
265,12.0,30.0,114.57749499696963,0.32736426487262776,False
266,12.0,33.0,106.42799212868648,0.3040799714289332,False
267,12.0,38.0,103.36014138516713,0.2953146837656123,False
268,12.0,39.0,100.03440073454107,0.2858125678110087,False
1234,12.0,46.0,134.6291201783626,0.3846546213879434,False
270,12.0,49.0,112.21300989927461,0.32060859330004116,False
271,12.0,51.0,93.64042046101682,0.26754405310916685,False
272,12.0,52.0,75.19301815427467,0.21483719042975516,False
1235,12.0,54.0,82.915619758885,0.236901766001636,False
273,12.0,57.0,79.14193533793556,0.22611981072884815,False
274,12.0,59.0,45.160987173278876,0.1290313893430261,True
275,12.0,60.0,82.46012745778899,0.23560035945310412,False
276,12.0,66.0,93.502195711711,0.26714912526190593,False
278,12.0,72.0,78.75988880345203,0.22502824922358355,False
279,12.0,76.0,93.41599964273216,0.26690285078403475,False
280,12.0,77.0,109.18670367188518,0.3119620042518603,False
281,12.0,86.0,86.72380819033938,0.24778230415960917,False
282,12.0,88.0,93.42003605544153,0.26691438339154516,False
283,13.0,18.0,24.98820954139086,0.0713948829760762,False
284,13.0,19.0,35.45227249394881,0.10129220509972388,False
285,13.0,21.0,70.01886704105766,0.2000539018305152,False
286,13.0,23.0,49.763665744558004,0.14218189928367053,False
1236,13.0,25.0,70.71067811865476,0.20203050486983198,False
288,13.0,29.0,115.01747687818907,0.3286213559366844,False
289,13.0,30.0,122.80466013844425,0.35087045052100296,False
291,13.0,41.0,114.53563507182966,0.3272446650889056,True
290,13.0,42.0,106.38811630030779,0.303966040492987,False
292,13.0,49.0,114.6821403387721,0.3276632515575123,False
293,13.0,52.0,86.32298358743695,0.24663709103136364,False
294,13.0,53.0,75.13487122853344,0.21467105635953146,False
295,13.0,54.0,94.12450131979458,0.26892714124944156,False
296,13.0,55.0,74.91446313351689,0.21404131895779321,False
297,13.0,61.0,75.10344724916239,0.21458127356312412,False
298,13.0,64.0,86.41152373149532,0.24689006286647097,False
299,13.0,67.0,86.18767291005939,0.2462504891037312,False
300,13.0,72.0,55.907453983307555,0.1597355796147385,False
301,13.0,73.0,71.02102553945086,0.20291721176865815,False
302,13.0,75.0,61.399141637285865,0.17542611545515152,False
303,13.0,80.0,102.86526419912875,0.2939007489766384,False
304,13.0,97.0,56.09413145308139,0.16026894380342502,False
305,14.0,17.0,55.63682354250104,0.15896234979932736,False
306,14.0,19.0,24.964588818944424,0.07132739519900756,False
307,14.0,20.0,35.367872060472536,0.10105106100890027,False
308,14.0,22.0,70.57657717402343,0.20164735932140537,False
309,14.0,24.0,49.73190271228762,0.14209114776471304,False
310,14.0,28.0,114.62447188094993,0.32749848453845853,False
311,14.0,31.0,106.03271051313064,0.3029505954070755,False
312,14.0,33.0,106.21866248590233,0.3034818867472259,False
313,14.0,35.0,127.57562416362659,0.3645017760346117,False
314,14.0,36.0,103.1421151863144,0.2946917517813488,False
315,14.0,43.0,106.15137075680069,0.30328962466792364,False
316,14.0,54.0,109.08778507081219,0.3116793796830185,False
317,14.0,55.0,93.64404100106447,0.26755439750909615,False
318,14.0,56.0,82.83595192916245,0.23667414363555261,False
319,14.0,57.0,105.81944435636765,0.30234126354279645,False
320,14.0,68.0,93.46004704417149,0.26702870049991584,False
321,14.0,72.0,35.4775529002131,0.10136443483046297,False
322,14.0,81.0,74.75141160309583,0.2135754574516217,False
323,14.0,83.0,56.08136419474277,0.16023246592318707,False
324,14.0,84.0,86.56413514618843,0.24732609547115922,False
325,14.0,86.0,70.72145955381232,0.2020613089696661,False
326,14.0,88.0,93.98824196030141,0.26853782880153304,False
327,14.0,97.0,61.20821242109864,0.17488060341981254,False
328,15.0,23.0,70.65812942108707,0.20188036573692708,False
329,15.0,30.0,149.263718253496,0.42646775790920466,False
330,15.0,31.0,103.22900612032868,0.294940011587853,False
331,15.0,32.0,106.08912690988201,0.3031117851088556,False
332,15.0,33.0,114.9969275171495,0.32856264347774555,False
333,15.0,36.0,99.9251934234605,0.2855005469284475,False
334,15.0,37.0,103.1317379539292,0.29466210254655556,False
335,15.0,41.0,102.8396895843844,0.2938276786502589,False
336,15.0,43.0,114.09249680966377,0.32597855579375384,False
337,15.0,47.0,114.7332327139263,0.327809229769319,False
338,15.0,52.0,122.43616276766123,0.34981760091125136,False
339,15.0,54.0,127.3436767198523,0.3638390690656536,False
340,15.0,55.0,114.83672935038804,0.32810493443900984,False
341,15.0,56.0,106.11517608520583,0.30318621132257806,False
342,15.0,59.0,102.70755527676646,0.2934501520646153,False
343,15.0,60.0,127.00585702246462,0.3628738699495642,False
344,15.0,68.0,90.08152154127941,0.2573757706847114,False
345,15.0,73.0,50.180040199309325,0.1433715405591672,False
346,15.0,74.0,75.43019412420358,0.21551483604457058,False
347,15.0,75.0,35.32238273397369,0.10092109150721724,False
348,15.0,85.0,86.67952134985771,0.24765577033219224,False
349,15.0,87.0,116.87704725302294,0.3339344140442343,False
350,15.0,89.0,93.30435943475473,0.2665838787676216,False
351,16.0,18.0,49.86080128566132,0.14245942939555797,False
352,16.0,24.0,79.06934017443517,0.22591239598013815,False
353,16.0,25.0,102.88071897076242,0.2939449054661372,False
354,16.0,29.0,127.36284326051516,0.3638938306093094,False
355,16.0,36.0,144.3369425499216,0.41239125618052214,False
356,16.0,43.0,112.01859032732149,0.3200531088198562,False
357,16.0,44.0,103.22052328044437,0.294915774902954,False
358,16.0,47.0,127.97440748321087,0.36564115692492205,False
359,16.0,49.0,105.44457210805534,0.3012701999976111,False
360,16.0,51.0,105.62953481410229,0.3017986648614617,False
361,16.0,61.0,49.766338309170884,0.14218953518241176,False
363,16.0,67.0,134.61393795047832,0.3846112435948559,False
364,16.0,72.0,106.28500706659685,0.3036714426882763,False
365,16.0,73.0,114.96792710212739,0.32847978515076814,False
366,16.0,74.0,127.60257691068274,0.3645787838818034,False
367,16.0,79.0,114.89532224026944,0.3282723426924657,False
368,16.0,85.0,75.07749643909541,0.2145071283929871,False
369,16.0,88.0,93.63712185827681,0.26753462853009824,False
370,16.0,90.0,109.36670492905601,0.3124762935477769,False
371,16.0,94.0,103.23621109485056,0.2949605972289324,False
372,16.0,96.0,82.76071183460279,0.23645917194111013,False
373,17.0,18.0,24.990948004831424,0.07140270715717846,False
374,17.0,22.0,24.98586712376409,0.07138819035441928,False
375,17.0,25.0,79.16244411701433,0.22617840723932983,False
376,17.0,27.0,134.24987536660848,0.3835710648046028,False
377,17.0,29.0,125.3962231180134,0.3582749160288255,False
378,17.0,35.0,114.31172778910117,0.3266049300081903,False
379,17.0,36.0,127.63862268155938,0.3646817717965341,False
380,17.0,38.0,106.25358263563604,0.3035816586016125,False
381,17.0,39.0,103.0439932745521,0.29441140346763495,False
382,17.0,42.0,111.84391417442119,0.3195540341072654,False
383,17.0,47.0,114.54778074031972,0.32727936699818316,False
384,17.0,48.0,106.15524027109475,0.30330068042282843,False
441,17.0,53.0,127.59280940968404,0.36455087673665104,True
385,17.0,63.0,82.53746876894411,0.2358213346234135,False
386,17.0,68.0,129.89515636519388,0.37112901076368787,False
387,17.0,69.0,93.7868882358323,0.26796253245741297,False
388,17.0,76.0,114.51033932335656,0.3271723915232851,True
389,17.0,77.0,105.75821487211996,0.3021663221627304,False
390,17.0,89.0,93.59823667936348,0.2674235280211393,False
391,17.0,95.0,102.96454551970595,0.2941844098869001,False
392,17.0,96.0,79.0114875607167,0.2257471028013913,False
393,18.0,19.0,25.001862607886395,0.07143389173671183,False
394,18.0,22.0,35.43261562356787,0.10123604261404445,False
395,18.0,27.0,127.1751907252026,0.36335768051913936,False
396,18.0,29.0,127.42417991774197,0.36406907819788104,False
1237,18.0,51.0,117.26039399558574,0.33502969042965103,False
397,18.0,52.0,103.28171909665647,0.2950906200886345,False
398,18.0,56.0,74.9177808466271,0.21405079813791852,False
399,18.0,64.0,97.486576893196,0.27853307126704135,True
400,18.0,65.0,61.2172933429696,0.17490654891035354,False
401,18.0,71.0,102.54128481943498,0.29297509362459795,False
402,18.0,73.0,75.14022533740399,0.21468635381314136,False
403,18.0,74.0,93.36408191672146,0.2667545144269709,False
405,18.0,95.0,93.7851217430908,0.2679574853353953,False
406,18.0,96.0,82.96827634816758,0.23705221339657728,False
407,18.0,98.0,82.80639694509333,0.2365897008256154,False
408,19.0,23.0,35.433904676948735,0.1012397256236304,False
409,19.0,25.0,35.51326013656273,0.10146645550370721,False
410,19.0,26.0,127.5045026304258,0.36429857165810214,False
411,19.0,29.0,134.21397890182942,0.3834685034787138,False
412,19.0,35.0,134.37494010548866,0.3839283926228282,False
413,19.0,38.0,106.00656027324553,0.3028758804374695,False
414,19.0,40.0,126.83448237235457,0.3623842281018998,False
415,19.0,41.0,102.8102925518809,0.29374368713050014,False
417,19.0,45.0,125.22105513661452,0.3577744360919812,False
418,19.0,49.0,114.51781538872146,0.3271937517096147,False
419,19.0,55.0,103.46676559629842,0.29561932436275173,False
420,19.0,65.0,82.88488564181426,0.236813954240333,False
421,19.0,70.0,75.10750060643643,0.21459285458367547,False
422,19.0,72.0,43.42293126245171,0.12406551541140882,False
423,19.0,78.0,43.31323213371573,0.12375208933557452,False
424,19.0,83.0,35.298596223761635,0.10085313005082774,False
425,19.0,85.0,61.20530934176865,0.17487230890760702,False
1238,19.0,87.0,93.54143466934853,0.2672612365671995,False
426,19.0,88.0,82.84683789613308,0.2367052463977038,False
427,19.0,91.0,109.2430162301536,0.3121228972722665,False
428,19.0,92.0,105.97885399339641,0.3027967196394838,False
429,19.0,98.0,78.8889919103742,0.2253971152359839,False
430,20.0,22.0,78.98214890303814,0.2256632780668433,False
431,20.0,25.0,25.013821010524243,0.07146805860070807,False
432,20.0,26.0,124.83208743137062,0.356663099813511,False
433,20.0,27.0,127.37042054474215,0.3639154799923821,False
434,20.0,30.0,159.95847818974246,0.4570242142587797,False
435,20.0,33.0,122.46704354916655,0.34990583171378764,False
436,20.0,34.0,134.39099381435938,0.3839742603615414,False
437,20.0,38.0,114.82095097507795,0.32805985336759697,False
438,20.0,42.0,102.72650915528064,0.2935043060021441,False
439,20.0,44.0,125.53020152715028,0.3586577114758464,True
440,20.0,52.0,134.1476125103716,0.38327888522119813,False
442,20.0,60.0,125.82167614454703,0.3594904960803243,False
443,20.0,63.0,127.87228588527212,0.3653493809366469,False
444,20.0,68.0,106.40402157062191,0.30401148412154705,False
445,20.0,69.0,55.927647424683144,0.15979327516037198,False
446,20.0,75.0,24.929856706301166,0.07122816059344009,False
447,20.0,76.0,50.19962023416931,0.14342748351479115,False
448,20.0,77.0,75.21660303862458,0.21490457581226435,False
449,20.0,83.0,43.36854818353079,0.12391013518902808,False
450,20.0,90.0,130.01543742562035,0.37147267092946173,False
451,20.0,91.0,117.11550542675992,0.334615723098428,False
452,21.0,22.0,25.11724147067561,0.07176354562380223,False
453,21.0,25.0,100.06060777090528,0.28588744505626607,False
454,21.0,29.0,143.12460475962047,0.4089274339917954,False
455,21.0,33.0,134.77625941726816,0.3850750192049799,False
456,21.0,38.0,122.58793681523314,0.3502512410384983,False
457,21.0,41.0,143.8146850301191,0.4108990918680726,False
458,21.0,43.0,114.55848883692408,0.327309961559298,False
459,21.0,46.0,141.2698282155578,0.4036280725433178,False
460,21.0,57.0,90.28053839286005,0.2579443902492837,False
461,21.0,59.0,56.064907175109425,0.1601854458680322,False
462,21.0,62.0,35.242823022323414,0.10069377804990558,False
464,21.0,78.0,102.82730005999746,0.2937922800098613,False
465,21.0,80.0,124.75437108683214,0.3564410531192706,False
466,21.0,81.0,35.42793605968895,0.10122267243180065,False
467,21.0,89.0,105.62287291727363,0.30177963087090337,False
468,21.0,92.0,146.480311225811,0.4185151665605851,False
469,21.0,95.0,134.3866295083535,0.38396179091605975,False
470,21.0,98.0,127.43990931801011,0.36411401934060544,False
471,22.0,26.0,160.39136043851215,0.45826102065909985,False
472,22.0,30.0,143.64131611157094,0.4104037521106989,False
473,22.0,33.0,127.49167712622645,0.36426192736112256,False
474,22.0,34.0,125.28351471601962,0.3579528920295695,False
475,22.0,43.0,105.81744438211534,0.30233554933076123,False
476,22.0,44.0,103.33415896430984,0.2952404482789333,False
477,22.0,45.0,106.03034729589193,0.3029438433579571,False
478,22.0,50.0,102.82989625305035,0.29379969770414976,False
479,22.0,52.0,114.40488696704311,0.32687109908270107,False
480,22.0,55.0,93.69894654744526,0.26771127049561805,False
481,22.0,56.0,82.68861049254478,0.2362531681107788,False
482,22.0,69.0,108.84059556081084,0.31097312395428267,False
483,22.0,73.0,103.37405435518512,0.2953544351077258,False
162,22.0,78.0,108.62830811617198,0.31036658841030235,True
484,22.0,79.0,89.91040551228666,0.25688686775451014,False
485,22.0,81.0,25.030343906378494,0.07151526687363319,False
486,22.0,85.0,56.123524344622,0.16035292349186145,False
487,22.0,86.0,70.86771584544765,0.20247918408026666,False
488,22.0,91.0,127.38805284862585,0.3639658580024708,False
489,22.0,96.0,103.55115707763109,0.2958604428760227,False
490,23.0,25.0,49.95447573088094,0.1427270706622612,False
491,23.0,27.0,143.2596376332308,0.4093132421943944,False
503,23.0,30.0,35.449591339121575,0.10128454465751358,True
492,23.0,32.0,127.75719430911731,0.3650205478684955,False
493,23.0,33.0,125.43059361321659,0.35837311744172773,False
494,23.0,35.0,133.78602007826368,0.3822457640072665,False
496,23.0,39.0,114.1508814311905,0.32614536899477964,False
495,23.0,40.0,113.83650171895292,0.32524714126349397,True
497,23.0,46.0,112.38588092065218,0.3211025104940987,False
498,23.0,51.0,135.04398971722102,0.38583996290383205,False
499,23.0,52.0,122.87393556221049,0.35106838029923365,False
500,23.0,53.0,114.93347817772974,0.32838135965445764,False
501,23.0,56.0,93.29444469692751,0.2665555509458246,False
277,23.0,68.0,117.31175817261374,0.3351764452182245,True
502,23.0,76.0,75.01570285118747,0.21433057528820976,False
504,23.0,84.0,56.10050572637577,0.1602871560124733,False
505,23.0,86.0,55.70683004408085,0.1591623683712693,False
506,23.0,87.0,79.33408023397949,0.22666879613513682,False
507,23.0,91.0,124.70871232444814,0.35631059951506827,False
508,23.0,96.0,106.12715155975701,0.30322042696346846,False
509,24.0,28.0,144.20388770930995,0.41201109950066345,False
510,24.0,30.0,160.14628295706464,0.45756079929753996,False
511,24.0,34.0,134.11775418621622,0.3831935757253175,False
512,24.0,43.0,105.8684777184088,0.30248135886011207,False
269,24.0,46.0,134.61986867815185,0.38462818853072706,True
513,24.0,46.0,102.62379647081909,0.2932108411952662,False
514,24.0,48.0,103.3150776167809,0.29518593014422667,False
515,24.0,58.0,103.064305952027,0.29446943968783107,False
516,24.0,63.0,105.48339460083906,0.3013811214033462,False
517,24.0,66.0,105.9966018709371,0.30284742786001445,False
518,24.0,68.0,127.22957517691144,0.36351306466377126,False
519,24.0,71.0,109.34008067518822,0.3124002242525331,False
520,24.0,74.0,93.69276485445796,0.2676936085160076,False
521,24.0,76.0,61.21648068284144,0.17490422702431951,False
522,24.0,85.0,55.880037862082965,0.15965724784137772,False
523,24.0,86.0,49.99565853777484,0.1428447358224619,False
524,24.0,87.0,89.85839541500174,0.2567382674795252,False
525,24.0,88.0,79.21908802536157,0.22634024697422803,False
526,24.0,89.0,25.93363672082936,0.07409610343473322,True
527,24.0,91.0,126.95776113099598,0.362736453119545,False
528,24.0,94.0,114.59572199326716,0.32741634200386494,False
529,24.0,98.0,103.05748962602665,0.29444996447107674,False
530,25.0,28.0,149.66558679527958,0.4276159537199081,False
531,25.0,29.0,159.76353133902606,0.45646722326787265,False
532,25.0,33.0,134.98998627853996,0.3856856673678292,False
533,25.0,35.0,160.76758418578453,0.4593359456298081,False
534,25.0,37.0,114.10924420582697,0.3260264054961203,False
535,25.0,41.0,103.29847688144885,0.295138499472798,False
536,25.0,42.0,106.4640438196518,0.3041829762582026,False
538,25.0,50.0,141.32954152839295,0.4037986820051489,False
539,25.0,52.0,150.3992492777423,0.4297121321993066,False
540,25.0,53.0,143.6052924942807,0.4103008274919281,False
541,25.0,62.0,106.00124987345109,0.3028607078669317,False
542,25.0,64.0,111.84609499285853,0.3195602650169618,False
543,25.0,85.0,70.47897738176907,0.20136850277768434,False
544,25.0,87.0,106.40559136156723,0.30401596923844404,False
545,25.0,88.0,89.64212664744484,0.25612035672743516,False
546,25.0,90.0,145.88701753332168,0.4168200417588038,False
547,25.0,97.0,115.00033226366315,0.3285723713247329,False
548,26.0,27.0,24.996924641479673,0.07141978326154623,False
550,26.0,41.0,74.8935997369108,0.21398170925439658,False
551,26.0,42.0,79.129676905416,0.2260847866366356,False
552,26.0,48.0,112.20859273112757,0.32059597281987345,False
553,26.0,50.0,140.69933861381404,0.4019981022852207,False
554,26.0,57.0,113.99058630208145,0.32568738292077065,False
555,26.0,58.0,122.2809450820507,0.3493741218183766,False
556,26.0,62.0,145.77283198162462,0.4164937973319085,False
557,26.0,63.0,144.1227001853418,0.41177913515110803,False
1062,26.0,66.0,143.50049707079253,0.41000141200223594,True
558,26.0,68.0,25.122589963652477,0.07177882703200193,False
549,26.0,70.0,103.15118713185889,0.29471767162524326,True
803,26.0,70.0,70.40602406842525,0.2011600647437279,True
559,26.0,71.0,35.37189681013351,0.10106256029341591,False
560,26.0,73.0,70.6528490151951,0.20186527886325178,False
561,26.0,76.0,90.40617117230411,0.2583033410405163,False
562,26.0,84.0,134.62592304770544,0.38464548672910565,False
563,26.0,92.0,35.47577912975661,0.10135936691497437,False
564,26.0,94.0,70.69275260378453,0.2019792891140842,False
565,27.0,28.0,25.150020886623253,0.07185720109606523,False
566,27.0,31.0,35.47563324531682,0.10135895010229759,False
567,27.0,32.0,25.05970160517692,0.07159914601137968,False
568,27.0,35.0,78.79961144464093,0.22514174248185345,False
1239,27.0,37.0,50.0,0.14285714,False
569,27.0,40.0,90.65783446984344,0.25902237901910496,False
570,27.0,41.0,79.14883428054576,0.22613952199305448,False
571,27.0,46.0,102.53046897930929,0.2929441912248569,False
572,27.0,52.0,90.4137097330435,0.25832487978505514,False
573,27.0,58.0,102.9658996157625,0.2941882787326986,False
574,27.0,59.0,116.95533065651404,0.3341580809068784,False
575,27.0,60.0,108.88279361589076,0.31109368982352825,False
576,27.0,63.0,127.54707363616055,0.36442020310062595,False
579,27.0,88.0,105.84499479642074,0.3024142647986309,False
580,27.0,94.0,55.87073156571138,0.159630658423705,False
577,27.0,96.0,134.833705857385,0.3852391518877454,True
581,27.0,98.0,74.78238278691612,0.2136639465464813,False
582,28.0,30.0,50.09304769337727,0.14312299054718947,False
583,28.0,38.0,49.82845792289752,0.1423670197895096,False
584,28.0,39.0,56.092048960285624,0.16026299382412754,False
585,28.0,42.0,78.82610688921515,0.22521744375055147,False
586,28.0,44.0,79.35860570196226,0.2267388688994004,False
587,28.0,52.0,70.58716810537562,0.20167761912466362,False
588,28.0,54.0,61.05341553387192,0.1744383266080103,False
589,28.0,69.0,93.61554877477407,0.26747299114989453,False
590,28.0,73.0,86.52721495258633,0.24722060920583439,False
591,28.0,74.0,75.25328211575076,0.21500937317338606,False
592,28.0,75.0,116.77232084324834,0.3336351957365769,False
593,28.0,83.0,127.46867383680156,0.3641962036783659,False
594,28.0,84.0,114.52362486292037,0.32721035020699396,False
595,28.0,87.0,106.306976062601,0.30373421124703276,False
596,28.0,92.0,35.12418482859876,0.10035481178890017,False
597,28.0,94.0,50.08191333233999,0.1430911780877192,False
598,28.0,98.0,79.068529101622,0.22591007862928977,False
599,29.0,32.0,56.02533612533524,0.16007238572808147,False
600,29.0,35.0,35.430135083019465,0.10122895535547646,False
601,29.0,37.0,70.67811376605607,0.20193746386426797,False
602,29.0,45.0,78.8300687071463,0.22522876323012833,False
603,29.0,46.0,125.20348282678194,0.3577242294934636,False
604,29.0,47.0,111.66621246654017,0.3190463149520455,False
605,29.0,49.0,100.01473856555687,0.28575639018646315,False
606,29.0,57.0,61.00635036401093,0.1743038546968112,False
607,29.0,60.0,83.00071641300937,0.23714489929427154,False
608,29.0,64.0,114.37980270410762,0.3267994297614616,False
609,29.0,67.0,90.48572193026627,0.25853062891586237,False
611,29.0,84.0,111.7469883922006,0.31927710330645953,False
612,29.0,86.0,122.24691556216561,0.34927689462064937,False
610,29.0,88.0,117.17575903283186,0.3347878762551905,True
613,29.0,88.0,105.95708981688628,0.30273453627926994,False
614,29.0,89.0,114.79769879148796,0.3279934185586685,False
615,30.0,32.0,78.68569638350318,0.22481627088511216,False
616,30.0,33.0,55.965320252044265,0.15990091180782245,False
617,30.0,35.0,25.12666664056054,0.07179047468007774,False
618,30.0,41.0,124.55680192216631,0.35587656980294363,False
619,30.0,42.0,105.78604872434605,0.3022458474532145,False
620,30.0,44.0,79.16737856250754,0.22619250565474275,False
621,30.0,50.0,99.75867500144085,0.2850247800179067,False
622,30.0,66.0,125.26584276513594,0.35790240074234025,False
623,30.0,67.0,111.43486933052482,0.3183853345766498,False
624,30.0,71.0,105.94615714732309,0.3027033000811427,False
625,30.0,72.0,134.85470299983896,0.3852991437221283,False
626,30.0,79.0,150.02045940954773,0.42862987545468156,False
627,30.0,84.0,114.95212278053415,0.3284346299471191,False
628,30.0,92.0,79.20835824057764,0.22630959044688706,False
629,30.0,93.0,55.94461241317745,0.15984174655510058,False
631,30.0,98.0,106.35682445961137,0.3038766352356425,False
632,31.0,37.0,35.316277413609,0.10090364773509558,False
633,31.0,41.0,50.142685795424775,0.14326481369306018,False
634,31.0,42.0,55.98439741617062,0.1599554179899505,False
635,31.0,47.0,78.92418145165242,0.22549765678048225,False
636,31.0,49.0,106.11216002319173,0.30317759400271005,False
637,31.0,50.0,125.415382705501,0.35832965770626674,False
638,31.0,55.0,111.46108330526087,0.3184602316458263,False
639,31.0,57.0,106.08855126358209,0.3031101404051745,False
640,31.0,59.0,126.9999149646631,0.36285689264189946,False
641,31.0,60.0,114.9319752721238,0.32837706563852653,False
642,31.0,64.0,134.55581277684362,0.3844451716735068,False
643,31.0,66.0,78.96776152007477,0.2256221712591987,False
644,31.0,68.0,35.42146208238541,0.10120417535416049,False
645,31.0,70.0,50.140668296529604,0.14325904941061782,False
646,31.0,73.0,55.705526964450755,0.15915864528668633,False
647,31.0,90.0,82.98764793932736,0.23710756079878398,False
648,31.0,91.0,61.36454612997631,0.17532727115052968,False
649,31.0,92.0,43.23435426524763,0.12352672400160156,False
650,31.0,98.0,82.86121078190394,0.23674631178479918,False
651,32.0,33.0,24.94234266783772,0.07126383476854534,False
652,32.0,37.0,24.898012549812197,0.07113717729100556,False
653,32.0,41.0,55.9130328551824,0.15975151924834782,False
654,32.0,42.0,50.08143709744238,0.1430898174166104,False
655,32.0,44.0,70.61428584477424,0.20175509837853867,False
656,32.0,45.0,90.1241650662607,0.2574976093250783,False
657,32.0,49.0,89.91822176818376,0.2569091999137695,False
658,32.0,51.0,82.88984950177651,0.23682813669708433,False
659,32.0,53.0,109.15875696625514,0.3118821565230857,False
660,32.0,54.0,154.43229018645246,0.4412351059937333,True
661,32.0,57.0,82.95586067806316,0.2370167400541313,False
662,32.0,65.0,129.9829928339906,0.3713799720980879,False
663,32.0,66.0,82.85347437252854,0.2367242077584544,False
664,32.0,72.0,83.00374516772787,0.23715355287900847,False
665,32.0,74.0,43.32284446779425,0.12377955314667816,False
666,32.0,77.0,60.9027857375335,0.17400795576993652,False
667,32.0,78.0,109.39896929593668,0.31256847745130656,False
668,32.0,80.0,82.45404725679597,0.23558298745061435,False
669,32.0,82.0,108.87405472076159,0.31106872155223,False
1240,33.0,37.0,35.35533905932738,0.10101525243491599,False
670,33.0,38.0,24.927413456638188,0.07122117988025692,False
671,33.0,46.0,89.86851750062681,0.25676718772358986,False
672,33.0,47.0,79.17291707963838,0.22620832998908583,False
674,33.0,53.0,92.99973102711988,0.2657135119060722,False
675,33.0,72.0,93.59041118121652,0.2674011694554523,False
676,33.0,74.0,61.330713436670074,0.17523060631444515,False
677,33.0,75.0,103.2669814573835,0.29504851254869674,False
679,33.0,87.0,82.3330341771911,0.23523723580151545,False
680,33.0,93.0,61.21783188925456,0.17490808761399404,False
678,33.0,97.0,93.47850852128163,0.2670814475763184,True
681,34.0,36.0,79.52051983503665,0.22720148069893215,False
682,34.0,43.0,56.166843212757314,0.16047669168405843,False
683,34.0,44.0,50.10714242189407,0.14316326119928918,False
684,34.0,49.0,75.06005886749197,0.21445730676083083,False
685,34.0,52.0,61.32873631656576,0.17522495739997437,False
686,34.0,53.0,83.0524079942187,0.2372925895233444,False
687,34.0,57.0,43.053919948415604,0.12301119739239201,False
688,34.0,60.0,61.200392570312296,0.17485826098944127,False
689,34.0,61.0,74.60365586994868,0.2131532982225016,False
690,34.0,64.0,93.33256026073192,0.2666644525545163,False
691,34.0,74.0,82.99871797170681,0.23713918946209273,False
692,34.0,77.0,93.23991885303484,0.2663997628235327,False
693,34.0,80.0,108.8647462410928,0.3110421258965654,False
694,34.0,82.0,108.83658809202745,0.31096167404370195,False
695,34.0,86.0,102.92964901460365,0.29408470558860195,False
696,34.0,87.0,79.00488866886818,0.2257282488250583,False
697,34.0,88.0,82.46817909436398,0.23562336412857254,False
698,34.0,89.0,93.7037988729024,0.2677251342823612,False
699,35.0,39.0,70.98435035143204,0.20281242551927153,True
700,35.0,40.0,25.055304639607872,0.07158658325286223,False
701,35.0,50.0,74.83958003022789,0.21382736723838938,False
702,35.0,52.0,56.11126798374301,0.16031790531862186,False
703,35.0,57.0,35.40099826172074,0.10114570729628793,False
704,35.0,60.0,55.57178812518866,0.15877653432500827,False
1241,35.0,62.0,90.13878188659973,0.25753937166806884,False
705,35.0,67.0,113.99559674630709,0.3257016984754147,False
1002,35.0,67.0,114.59453420434315,0.32741294832129275,True
706,35.0,68.0,106.39442883744864,0.30398407631302876,False
707,35.0,70.0,111.73502118167434,0.3192429112770684,False
708,35.0,77.0,114.42944363560603,0.3269412609914776,False
709,35.0,80.0,127.22679799717777,0.3635051298646909,False
710,35.0,82.0,117.45405213345676,0.3355829993839306,False
711,35.0,87.0,82.55763735691747,0.23587895915932777,False
712,35.0,90.0,43.296140725408236,0.12370325674138692,False
713,36.0,37.0,25.03270894118138,0.071522024115792,False
714,36.0,39.0,74.93443427852881,0.2140983793709718,False
715,36.0,43.0,55.98466657725981,0.1599561870216185,False
716,36.0,53.0,135.37646422812398,0.38678989005884196,False
717,36.0,54.0,106.33636187383838,0.30381817070603184,False
718,36.0,55.0,114.59185516269851,0.3274052939167469,False
719,36.0,65.0,134.8700657740528,0.3853430373618613,False
720,36.0,67.0,70.70702101726125,0.20202005600891665,False
721,36.0,68.0,55.98475731009612,0.1599564462582885,False
722,36.0,69.0,78.67829396096433,0.2247951211068527,False
723,36.0,72.0,74.8083770816005,0.21373821595837986,False
724,36.0,73.0,49.84689385714014,0.14241969388629216,False
725,36.0,75.0,79.3140177222157,0.22661147467410098,False
726,36.0,84.0,103.38637927972427,0.2953896491771334,False
1242,36.0,86.0,75.0,0.21428571,False
727,36.0,87.0,93.45626293236461,0.2670178887521124,False
728,36.0,96.0,116.96496617263892,0.33418561095239885,False
729,37.0,41.0,35.23658319806563,0.10067594998095418,False
730,37.0,43.0,35.51433260711263,0.10146951970521707,False
416,37.0,44.0,112.87661973936265,0.32250462137665786,True
731,37.0,48.0,55.83106199474534,0.1595173167946403,False
732,37.0,50.0,90.29029632673455,0.25797227005979606,False
733,37.0,52.0,102.87102934227292,0.2939172208138638,False
734,37.0,55.0,93.4650528408185,0.26704300277576415,False
735,37.0,70.0,61.16375646618303,0.17475358640830826,False
736,37.0,71.0,43.22730980742251,0.12350659697964661,False
737,37.0,72.0,79.15613059105368,0.22616036859408878,False
738,37.0,77.0,43.210644667016325,0.12345898229372408,False
739,37.0,86.0,70.67128806602175,0.20191796186455993,False
740,37.0,87.0,74.84604970052358,0.21384585201029307,False
741,37.0,88.0,61.34595960802186,0.17527416680315047,False
742,37.0,94.0,74.9021710499862,0.2140061987198365,False
743,37.0,96.0,103.24853785251415,0.2949958165358383,False
744,38.0,41.0,55.9068187558744,0.1597337646792515,False
745,38.0,45.0,55.59934370839301,0.1588552645611604,False
746,38.0,47.0,56.0257302132724,0.1600735116935937,False
747,38.0,48.0,50.347321745425354,0.1438494878242255,False
748,38.0,49.0,55.67814396961421,0.15908040816014665,False
749,38.0,54.0,61.237470654160454,0.17496419836974583,False
750,38.0,57.0,55.967545008328464,0.1599072682542216,False
751,38.0,61.0,75.22847975912745,0.21493850929873673,False
752,38.0,67.0,86.60133627363531,0.24743238440459595,False
753,38.0,68.0,75.26032620455234,0.21502949914098804,False
754,38.0,70.0,74.88585066150253,0.21395956903938718,False
755,38.0,73.0,70.87622253234596,0.20250348889949005,False
756,38.0,82.0,89.92635190444815,0.2569324288740603,False
757,38.0,83.0,93.94661379579563,0.2684188911910381,False
758,38.0,84.0,74.86936133885735,0.2139124566899146,False
759,38.0,86.0,75.1323402476484,0.21466382498571884,False
766,39.0,23.0,35.33761013143631,0.1009645983562403,True
760,39.0,42.0,55.964521815644325,0.1598986305610111,False
761,39.0,43.0,35.386858321217076,0.10110530746708546,False
762,39.0,45.0,35.336286323269306,0.10096081604726737,False
763,39.0,53.0,93.55144156542997,0.26728982769828896,False
764,39.0,54.0,43.41199859661949,0.12403427922394147,False
765,39.0,56.0,82.84312010372516,0.23669462413389356,False
767,39.0,58.0,56.02412289239057,0.16006891934830889,False
768,39.0,59.0,79.13921091622548,0.22611202666697502,False
769,39.0,61.0,61.283999893955205,0.17509713905221488,False
770,39.0,70.0,93.83031284869197,0.2680866027773878,False
771,39.0,79.0,102.82170827659324,0.2937763034861688,False
772,39.0,80.0,94.13080470318357,0.26894515091590704,False
773,39.0,83.0,102.86600615868284,0.29390286886103634,False
774,39.0,85.0,74.96513318671724,0.2141860905354702,False
775,39.0,90.0,55.74506114345393,0.15927160008157917,False
776,39.0,92.0,74.89562782448739,0.21398750379021383,False
777,39.0,93.0,70.82340231173782,0.20235257398648507,False
778,39.0,97.0,93.62698645040282,0.26750567022246596,False
779,40.0,41.0,103.31888700981904,0.29519681412411797,False
780,40.0,43.0,55.64447085618427,0.1589841992665567,False
781,40.0,47.0,90.33453825029697,0.2580986755531606,False
782,40.0,49.0,55.86061151963727,0.15960174400692867,False
783,40.0,50.0,49.93429904190152,0.14266942298061583,False
784,40.0,53.0,90.40197206797538,0.2582913435998169,False
785,40.0,55.0,55.89347062123752,0.15969562715248029,False
786,40.0,56.0,101.2853965833154,0.2893868415931642,True
787,40.0,58.0,50.04456052124749,0.1429844557724465,False
362,40.0,63.0,78.45376205587964,0.2241536013908697,True
788,40.0,65.0,90.20609579215997,0.25773169710868016,False
789,40.0,71.0,105.8377480535684,0.302393559819467,False
790,40.0,73.0,111.65802291957813,0.31902291624690765,False
791,40.0,77.0,105.84271577300198,0.30240775330327907,False
792,40.0,84.0,74.51565355790586,0.21290186305026512,False
793,40.0,85.0,86.62884651213253,0.24751098508444455,False
794,40.0,88.0,75.03033858722083,0.21437239167604014,False
795,40.0,90.0,61.22164385880329,0.17491897895534403,False
796,40.0,91.0,74.6650649288778,0.21332875267307572,False
797,41.0,43.0,49.91258291976782,0.1426073769186176,False
798,41.0,45.0,100.24463076322718,0.28641322502381306,False
799,41.0,49.0,79.1333633775966,0.22609531941408378,False
800,41.0,55.0,122.73068760045516,0.35065910041668974,False
801,41.0,57.0,106.52221547841599,0.30434918099420477,False
802,41.0,63.0,106.26549648602935,0.30361569817348405,False
804,41.0,71.0,55.71584832753751,0.15918813489491582,False
578,41.0,74.0,61.02446182041957,0.17435560171408668,True
805,41.0,88.0,61.31066572529562,0.17517332714023515,False
806,41.0,89.0,43.316822912656455,0.12376234870377141,False
807,41.0,92.0,82.8510581314888,0.23671730421276466,False
808,41.0,98.0,108.70795471630271,0.3105941501204103,False
242,42.0,42.0,127.74235620970997,0.36497815329960814,True
809,42.0,61.0,90.25560606975176,0.25787315504182756,False
810,42.0,69.0,93.28703691279608,0.26653438584872957,False
811,42.0,75.0,78.90023953436298,0.22542925130388053,False
812,42.0,78.0,83.12721228025974,0.2375063160506157,False
813,42.0,79.0,61.20491279536154,0.1748711759178951,False
815,42.0,92.0,79.15552768634076,0.22615864600922916,False
1243,42.0,93.0,103.07764064044152,0.29450753879682484,False
816,42.0,96.0,117.16449576614562,0.33475569549387346,False
817,42.0,97.0,108.62891007487359,0.3103683082922725,False
818,43.0,44.0,24.898167248089884,0.07113761928607581,False
819,43.0,47.0,35.34065762945018,0.10097330549324864,False
820,43.0,50.0,56.007503752578536,0.16002143609265274,False
822,43.0,56.0,103.16931587266141,0.2947694680265003,False
1244,43.0,59.0,93.54143466934853,0.2672612365671995,False
823,43.0,65.0,93.87267479860672,0.26820763691758065,False
824,43.0,69.0,102.7793502205847,0.293655280471422,False
825,43.0,81.0,82.8751974423985,0.2367862736711273,False
826,43.0,89.0,43.24659384169021,0.12356169421930953,False
827,44.0,48.0,35.49075074031705,0.1014021429442915,False
828,44.0,49.0,25.035659164228907,0.07153045332433064,False
829,44.0,53.0,108.7280915280351,0.31065168386706643,False
830,44.0,58.0,61.36667467974911,0.17533335272118747,False
831,44.0,63.0,43.360422619731246,0.12388691929292227,False
832,44.0,67.0,117.69100786536185,0.336260015747262,False
833,44.0,75.0,106.3217424164914,0.30377640082873303,False
834,44.0,76.0,89.94029607059845,0.2569722693479786,False
835,44.0,77.0,79.36768555006743,0.2267648113220392,False
836,44.0,81.0,78.9349201357731,0.22552833873449912,False
837,44.0,87.0,35.20172145461352,0.10057634500165455,False
838,44.0,89.0,61.04401573159712,0.17441147003061944,False
845,45.0,3.0,146.1898718523451,0.4176853397958505,True
1245,45.0,26.0,125.0,0.35714285,False
839,45.0,47.0,78.97374342841,0.22563926242552895,False
840,45.0,49.0,35.36815435847153,0.10105186757459556,False
841,45.0,53.0,106.51523783092084,0.3043292448589031,False
842,45.0,59.0,78.66585542634768,0.22475958243723018,False
843,45.0,60.0,25.138166405712276,0.0718233311512827,False
844,45.0,62.0,74.94704428409759,0.21413440795759056,False
846,45.0,68.0,126.9897621373643,0.362827884564483,False
847,45.0,71.0,114.07626880224464,0.3259321900591979,False
848,45.0,76.0,101.96001989838174,0.29131433674051815,True
849,45.0,77.0,103.2065310238279,0.2948757970277065,False
850,45.0,93.0,93.55635936530238,0.26730387855478627,False
851,45.0,96.0,109.15288445535178,0.31186537792084024,False
852,46.0,48.0,50.049100615575874,0.14299742747026817,False
132,46.0,53.0,35.29265071073465,0.10083614287109037,True
853,46.0,53.0,159.45951570986404,0.4555986072019249,False
854,46.0,62.0,127.26245919999242,0.3636070190135521,False
855,46.0,64.0,112.20249368743379,0.32057854698109683,False
856,46.0,65.0,125.21554995117289,0.35775870699103396,False
857,46.0,70.0,90.15070511405247,0.2575734380315382,False
858,46.0,72.0,90.11562141785787,0.2574731989015584,False
859,46.0,73.0,70.55431452269528,0.20158375174745424,False
860,46.0,80.0,25.10334728611107,0.07172384795441178,False
861,46.0,81.0,105.77724873552225,0.30222070462850653,False
862,46.0,82.0,89.92550354401536,0.25693000498715796,False
863,46.0,87.0,79.38046809139297,0.22680133286795318,False
864,46.0,89.0,35.50555113740707,0.10144442979227442,False
865,46.0,90.0,127.0620391426884,0.36303439028985035,False
866,46.0,93.0,134.58646281521365,0.3845327432099554,False
867,46.0,95.0,114.64248731568114,0.32754995720808966,False
868,47.0,53.0,146.47785280460366,0.41850814250013313,False
869,47.0,54.0,109.12754121772619,0.31179296867192957,False
870,47.0,55.0,117.07944471619112,0.33451269249886345,False
871,47.0,58.0,102.74399759094902,0.29355427296019737,False
872,47.0,68.0,106.43609035516744,0.30410310921841605,False
873,47.0,69.0,109.1606745422658,0.311887635311578,False
874,47.0,75.0,82.85598932964365,0.23673139335006818,False
875,47.0,77.0,43.022228510285025,0.12292065042811559,False
876,47.0,78.0,78.86028914228467,0.2253151073287968,False
877,47.0,84.0,70.96150297852977,0.20274714731228488,False
878,47.0,89.0,24.908049808679596,0.07116585517291028,False
879,47.0,92.0,103.26019282457219,0.2950291164553381,False
630,47.0,94.0,71.05254284855664,0.2030072612214451,True
880,47.0,98.0,125.13690316272977,0.35753400188569057,False
881,48.0,52.0,122.38840776254513,0.34968115804221994,False
882,48.0,53.0,134.28410073596308,0.38366885157223163,False
883,48.0,54.0,93.7771772547599,0.267934786797761,False
884,48.0,55.0,103.03543134606922,0.29438694081531597,False
885,48.0,57.0,74.90416242682699,0.21401188836783927,False
886,48.0,60.0,61.13377928402483,0.1746679373181407,False
887,48.0,62.0,93.52061764858692,0.26720175936621304,False
888,48.0,73.0,86.73955120808166,0.24782728420940184,False
889,48.0,75.0,93.39811704117328,0.26685175763774555,False
890,48.0,80.0,55.70195447839973,0.15914843818388755,False
891,48.0,83.0,79.17939288016366,0.22622683227593088,False
814,48.0,85.0,61.20260852199617,0.17486459227984,True
892,48.0,86.0,56.14514501202209,0.16041469682605483,False
893,48.0,88.0,25.102569987264047,0.07172162710060756,False
894,48.0,92.0,106.1242841575128,0.30321223438579176,False
896,48.0,98.0,127.36139659726736,0.3638896972858269,False
897,49.0,51.0,105.73761014773426,0.3021074515228059,False
898,49.0,54.0,82.86032947286608,0.23674379375902713,False
899,49.0,66.0,146.3500385603918,0.4181429589525458,False
900,49.0,86.0,70.55511019157454,0.20158602508706383,False
901,49.0,87.0,24.962669273801342,0.07132191078442274,False
902,49.0,91.0,105.60044807983557,0.301715559908076,False
903,49.0,93.0,111.41070240943402,0.31831628623205704,False
904,49.0,97.0,127.54409811566988,0.3644117016136798,False
913,50.0,28.0,111.59224512710733,0.31883497970074975,True
905,50.0,54.0,79.03302762519148,0.22580864584151691,False
906,50.0,59.0,90.06926500511167,0.25734075201064677,False
907,50.0,61.0,55.92297318194151,0.15977992018137724,False
908,50.0,67.0,149.43659879526263,0.4269617023043733,False
909,50.0,69.0,146.1178147285927,0.41747946230353256,False
910,50.0,70.0,135.09396652070131,0.3859827537680628,False
911,50.0,72.0,134.67597900041406,0.3847885037339842,False
912,50.0,78.0,124.77710188306074,0.35650599825005347,False
404,50.0,82.0,35.42118720431769,0.10120338998826842,True
914,50.0,86.0,90.22312225949672,0.25778034415724077,False
915,50.0,87.0,35.482885427554365,0.10137967062256188,False
916,50.0,89.0,56.526532643244806,0.16150437575061186,True
917,50.0,90.0,105.71164014089905,0.3020332515047607,False
918,50.0,91.0,114.7303748371762,0.32780106440733914,False
919,50.0,94.0,122.86672722302657,0.35104778504483436,False
926,51.0,15.0,103.41000986901388,0.29545716514518194,True
920,51.0,52.0,25.01945468487012,0.07148415481280293,False
921,51.0,53.0,50.15094206031384,0.14328840302084286,False
922,51.0,54.0,24.902509488549207,0.07115002568714004,False
923,51.0,55.0,35.28157164722559,0.10080448840455473,False
924,51.0,57.0,49.70504689210607,0.14201441685144323,False
925,51.0,58.0,56.08283237198702,0.16023666071522963,False
934,51.0,64.0,75.24793749594053,0.21499410283137652,True
927,51.0,71.0,103.10527395129915,0.29458649111198193,False
928,51.0,75.0,134.5628488458034,0.38446527472727543,False
929,51.0,84.0,105.95066464318388,0.3027161786404874,False
930,51.0,85.0,113.93758972649448,0.3255359641364077,False
931,51.0,86.0,127.3740249616312,0.36392577832614487,False
932,51.0,89.0,124.71063571913857,0.35631609492835953,False
933,51.0,90.0,25.132695276472894,0.07180769935376853,False
935,51.0,96.0,55.77940032239327,0.1593697120194436,False
936,51.0,98.0,90.44431161610912,0.2584123137349225,False
937,52.0,57.0,55.83821194227451,0.15953774521574365,False
938,52.0,59.0,55.90322348877323,0.15972349248773932,False
939,52.0,70.0,103.52232790758809,0.29577807382040433,False
940,52.0,88.0,114.56060178418024,0.3273159985513377,False
941,52.0,90.0,35.33000098989068,0.10094285795225903,False
942,52.0,91.0,55.96548747088257,0.15990138957592234,False
943,53.0,55.0,35.29226924807819,0.10083505297780802,False
157,53.0,60.0,93.34499710211502,0.26669998638632875,True
944,53.0,60.0,90.32894358854577,0.2580826908056197,False
945,53.0,68.0,111.6204613458503,0.3189155974669745,False
946,53.0,70.0,106.44073019759874,0.3041163659108118,False
947,53.0,89.0,134.68648195465641,0.38481851217407653,False
948,54.0,65.0,90.55471749147739,0.2587277590868087,False
949,54.0,67.0,106.1701702088482,0.3033433373869851,False
950,54.0,73.0,106.7843439738821,0.3050981195377006,False
951,54.0,78.0,134.02816584536458,0.38293760904228935,False
952,54.0,82.0,102.94350066653621,0.29412428173618915,False
953,54.0,86.0,109.00316242277938,0.31143760069347465,False
954,54.0,88.0,89.84559973350171,0.2567017083902563,False
955,54.0,90.0,35.312121602048904,0.10089177398801849,False
956,54.0,97.0,74.76189926210182,0.21360542219103953,False
957,55.0,58.0,24.96782176787809,0.07133663219577616,False
958,55.0,59.0,35.23065644203822,0.1006590163926431,False
959,55.0,62.0,55.76860559119483,0.15933886993092206,False
960,55.0,66.0,106.48501198923226,0.30424288531294863,False
961,55.0,70.0,99.50561651704841,0.28430175579124595,False
962,55.0,72.0,106.53822693142133,0.30439492800187656,False
963,55.0,76.0,111.8976573571931,0.3197075860549713,False
964,55.0,84.0,78.89608547511831,0.22541738256341887,False
965,55.0,89.0,109.2433759106738,0.3121239249308751,False
966,55.0,94.0,56.02775587978321,0.16007929931208023,False
1248,56.0,8.0,55.90169943749474,0.15971913805560214,False
1247,56.0,29.0,82.915619758885,0.236901766001636,False
967,56.0,57.0,55.83939696879689,0.15954113100573986,False
968,56.0,58.0,35.41991515462421,0.10119975556064546,False
970,56.0,63.0,90.18833452371118,0.2576809506284128,False
971,56.0,72.0,103.27067220468756,0.29505905754078315,False
973,56.0,76.0,113.94678094490901,0.32556222475992397,False
974,56.0,77.0,122.87684967835098,0.3510767063451828,False
975,56.0,79.0,127.07379612199676,0.36306798165863097,False
976,56.0,82.0,90.24242624557598,0.2578354984020785,False
977,56.0,86.0,108.96116380299384,0.31131760463934444,False
978,56.0,88.0,102.87261069457648,0.29392173896321216,False
1246,56.0,89.0,117.26039399558574,0.33502969042965103,False
979,56.0,91.0,74.64102201058887,0.21326005862219552,False
980,56.0,97.0,55.705131949518176,0.1591575166726158,False
981,57.0,64.0,55.84884326962454,0.1595681204361362,False
982,57.0,77.0,103.13374155310176,0.2946678271155055,False
983,57.0,84.0,61.055051668408964,0.17444300127802265,False
984,57.0,88.0,70.67378745584584,0.20192510297820024,False
1249,57.0,89.0,90.13878188659973,0.25753937166806884,False
985,57.0,92.0,89.90514114953838,0.2568718267183873,False
986,57.0,96.0,74.730578982502,0.21351593567968688,False
987,58.0,59.0,25.09634986254302,0.07170385531604578,False
988,58.0,67.0,112.17760702181923,0.3205074422236202,False
989,58.0,73.0,99.69846380615547,0.2848527480348177,False
990,58.0,74.0,103.54232043162078,0.29583519531649816,False
991,58.0,76.0,103.76100516998241,0.296460008842178,False
992,58.0,81.0,61.125309766801394,0.17464373869798627,False
993,58.0,82.0,75.15866485226148,0.21473903814025194,False
994,58.0,83.0,93.67111908445311,0.26763176346008777,False
995,58.0,88.0,75.12207870407873,0.21463450629039188,False
996,58.0,90.0,61.36694166018471,0.17533411552241676,False
997,58.0,94.0,70.4334278818221,0.20123836135186723,False
998,58.0,96.0,61.3067183154129,0.1751620488265101,False
999,58.0,97.0,75.09762537547482,0.21456463963863517,False
1000,59.0,62.0,24.985323726415082,0.07138663779059602,False
1001,59.0,66.0,111.74270779669993,0.31926487303384504,False
1003,59.0,71.0,114.66328058910018,0.3276093665595273,False
1004,59.0,76.0,106.10592591358017,0.303159782261319,False
1005,59.0,80.0,122.69112544379443,0.35054606568563407,False
1006,59.0,84.0,61.58676655996742,0.17596218665209168,False
1007,59.0,88.0,86.94226868664343,0.2484064769937087,False
1008,59.0,95.0,93.93634715240323,0.2683895579247894,False
1009,59.0,96.0,56.04594764783897,0.16013127579120007,False
1010,60.0,70.0,114.7493858689824,0.3278553816399848,False
1011,60.0,75.0,111.10510768652257,0.3174431584697726,False
1012,60.0,77.0,100.40196350434044,0.2868627471322891,False
1013,60.0,78.0,115.32147895472028,0.32948993328083054,False
1014,60.0,80.0,103.0643844418163,0.2944696639443674,False
1015,60.0,82.0,74.96370182068122,0.21418200091830625,False
1016,60.0,88.0,55.9732608053578,0.15992359910255025,False
1017,60.0,89.0,79.03245445152866,0.22580700820251307,False
1018,60.0,91.0,89.8024186852606,0.2565783339691778,False
1019,60.0,92.0,105.93136881325321,0.302661047698931,False
1020,61.0,62.0,24.978011397882813,0.07136574542377881,False
1021,61.0,65.0,35.410690382240276,0.10117339906864706,False
1022,61.0,66.0,127.1285384315134,0.36322438825412184,False
1023,61.0,68.0,127.32689485769382,0.3637911208890169,False
1024,61.0,70.0,111.29708812590088,0.3179916739998832,False
1025,61.0,72.0,106.29582375638229,0.3037023475156166,False
1026,61.0,75.0,103.18714171786135,0.2948203990117672,False
1027,61.0,76.0,99.85797407188656,0.28530849164207733,False
1028,61.0,77.0,103.24696504322169,0.2949913227950925,False
1029,61.0,78.0,105.70505186781979,0.3020144278677679,False
1030,61.0,82.0,61.186118394491054,0.17481747763076766,False
1031,61.0,83.0,82.68283520664679,0.23623666729425738,False
1032,61.0,85.0,56.07397970663871,0.1602113673861689,False
1033,61.0,88.0,61.582140797444985,0.17594897018800618,False
1034,61.0,90.0,82.91391583001935,0.2368968976335458,False
1035,61.0,96.0,82.88397681555598,0.23681135759393268,False
673,62.0,51.0,61.211027287306,0.17488864589452988,True
1036,62.0,64.0,35.298358665991024,0.10085245131435386,False
1037,62.0,66.0,125.15107553968285,0.35757449439046096,False
1038,62.0,70.0,114.63630399411915,0.3275322905754088,False
1039,62.0,72.0,103.23093150760272,0.29494551269424024,False
1040,62.0,73.0,106.16438283149176,0.3033268020234403,False
1041,62.0,74.0,114.93109597200743,0.32837455335253,False
1042,62.0,77.0,112.02501654787385,0.3200714694496386,False
1043,62.0,79.0,106.60239240164577,0.3045782579131369,False
1044,62.0,81.0,35.34968766492691,0.10099910559409472,False
1045,62.0,82.0,55.90037553559021,0.1597153554788077,False
1046,62.0,87.0,61.34014390613097,0.17525755051236597,False
1047,62.0,95.0,108.69650893463815,0.3105614478877371,False
1048,62.0,97.0,89.68460894666575,0.2562417347227816,False
1049,62.0,98.0,106.79698314665471,0.30513423145918583,False
463,63.0,66.0,143.95189573292254,0.4112911224396703,True
1050,63.0,69.0,135.0391346064979,0.3858260911591863,False
1051,63.0,71.0,124.90850931211288,0.35688144803983624,False
1052,63.0,72.0,121.9258473024369,0.34835955675405705,False
1053,63.0,73.0,113.96980080825735,0.32562799579674667,False
1054,63.0,75.0,114.45600823820331,0.3270171598545233,False
1055,63.0,81.0,55.86952430373084,0.15962720910382958,False
1056,63.0,83.0,90.45114255392153,0.2584318306997105,False
1057,63.0,85.0,55.64502691507507,0.15898578800621294,False
1058,63.0,93.0,105.58231210553116,0.3016637428396712,False
1059,63.0,95.0,127.58662313119149,0.3645332016555972,False
1060,63.0,97.0,122.09398331547143,0.3488399453531193,False
1061,63.0,98.0,135.33324206877185,0.38666639817744863,False
1250,64.0,49.0,55.90169943749474,0.15971913805560214,False
1063,64.0,73.0,111.52932252233458,0.3186552008335661,False
1064,64.0,77.0,106.15247054384622,0.3032927669165623,False
1065,64.0,78.0,103.04653611462012,0.29441866872482686,False
1066,64.0,79.0,99.99944124126344,0.28571268354649887,False
1067,64.0,81.0,35.32148377607566,0.10091852305613139,False
1068,64.0,84.0,25.02838145141196,0.07150965985955524,False
1069,64.0,85.0,49.91143026706882,0.14260408362525775,False
1070,64.0,93.0,103.11793352972603,0.29462266133533527,False
1071,64.0,96.0,105.93454459770706,0.3026701213686176,False
1072,65.0,66.0,141.5573267971646,0.4044494970457659,False
1073,65.0,68.0,149.9617380159478,0.4284621000477515,False
1074,65.0,74.0,121.92843528318575,0.3483669509846201,False
1075,65.0,79.0,102.68832066090648,0.2933951960204002,False
1076,65.0,82.0,50.11077299859199,0.1431736342753615,False
1077,65.0,83.0,75.04148252682255,0.21440423150283683,False
1078,65.0,88.0,70.79215581980989,0.20226329829704795,False
1079,65.0,89.0,90.66556490094548,0.25904446596466907,False
1080,65.0,90.0,114.40790277736104,0.3268797156834371,False
1081,65.0,91.0,122.54052358397641,0.3501157746661884,False
1082,65.0,93.0,106.46146247600424,0.3041756009907857,False
1083,65.0,95.0,127.76992596804699,0.3650569240361385,False
1084,65.0,97.0,111.73725523151516,0.31924929427648585,False
1251,66.0,64.0,143.61406616345073,0.4103258951176269,False
1085,66.0,67.0,25.032675927286828,0.07152192979038088,False
1086,66.0,72.0,49.83171111380549,0.14237631462048933,False
1087,66.0,79.0,103.24480252544866,0.2949851441730074,False
1088,66.0,82.0,111.94134985587073,0.31983242176298204,False
1089,66.0,90.0,90.2584441302645,0.25788126378598747,False
1090,66.0,92.0,55.79121523657673,0.1594034689164355,False
1091,66.0,95.0,35.32466020043233,0.10092759855411178,False
1252,67.0,7.0,93.54143466934853,0.2672612365671995,False
1092,67.0,68.0,25.113182470419147,0.07175194848044428,False
1093,67.0,74.0,56.171133532160084,0.16048894973924976,False
1094,67.0,80.0,102.79644625296298,0.29370412627724013,False
1095,67.0,82.0,114.43153738763083,0.32694724314000023,False
1096,67.0,84.0,125.25466622257713,0.3578704677642394,False
1097,67.0,87.0,114.51409735729466,0.3271831287628934,True
1098,67.0,91.0,55.9255039237377,0.15978715087207893,False
1099,67.0,94.0,50.11297274265553,0.14317991925827447,False
1100,67.0,95.0,25.00937144293772,0.07145534555071512,False
1101,68.0,71.0,24.996921004229062,0.07141977286940183,False
114,68.0,78.0,103.27649642820161,0.29507569817906193,True
1102,68.0,79.0,103.27192450029129,0.2950626355281509,False
1103,68.0,85.0,114.30755699760184,0.3265930134612877,False
1104,68.0,87.0,125.08577392080004,0.3573879183402416,False
1105,68.0,89.0,103.00218432416158,0.29429194932605107,False
287,69.0,24.0,56.04771118292485,0.1601363144627732,True
1106,69.0,72.0,25.005311472749135,0.07144374563612259,False
1107,69.0,75.0,49.97792179179274,0.14279405940638373,False
1108,69.0,76.0,56.08190907765786,0.1602340227314848,False
1109,69.0,81.0,106.52673126666608,0.3043620832460898,False
1110,69.0,83.0,78.80484289493312,0.2251566894823893,False
1111,69.0,84.0,108.98567119217256,0.31138762574988327,False
1112,69.0,90.0,93.19785117843179,0.26627956946992787,False
1113,69.0,91.0,75.1041988879968,0.21458342110260806,False
1114,69.0,92.0,61.46997794947808,0.17562850491451007,False
1115,69.0,94.0,61.261694493089564,0.1750334093367305,False
1116,69.0,95.0,43.19416551687675,0.12341189900855269,False
1117,69.0,96.0,79.0896505963654,0.2259704257559211,False
1118,69.0,97.0,55.8758372544903,0.15964524610563874,False
1119,69.0,98.0,35.26807520951447,0.10076592715472275,False
1120,70.0,81.0,108.79333351943973,0.3108380895530659,False
1121,70.0,82.0,93.61538136621638,0.26747251283973933,False
1122,70.0,83.0,82.93945140210778,0.23696985640948212,False
1123,70.0,93.0,78.93492069812507,0.225528340341219,False
1124,70.0,94.0,55.911121662446746,0.15974605869778374,False
1125,70.0,97.0,61.39750841561725,0.17542144910762023,False
1253,71.0,12.0,108.97247358851683,0.311349918311621,False
1126,71.0,76.0,55.51213158330264,0.15860608706588572,False
1128,71.0,79.0,128.9148406871316,0.36832810888238504,True
1129,71.0,80.0,74.93724945506045,0.21410642273232988,False
1130,71.0,82.0,103.13939567328656,0.29468398174428184,False
1131,71.0,87.0,106.26737899156622,0.30362107676062466,False
1132,71.0,94.0,61.07581506872722,0.17450232527774548,False
1133,71.0,95.0,43.42458280132349,0.12407023409380524,False
1134,71.0,97.0,74.84217213767273,0.21383477325951225,False
1135,72.0,86.0,60.99519740567331,0.17427198910219815,False
1136,72.0,89.0,75.08870429936918,0.2145391508502717,False
1137,72.0,96.0,90.26654980240133,0.25790442284877235,False
1138,73.0,75.0,35.242104417506376,0.10069172489332653,False
1139,73.0,82.0,75.40217095588231,0.21543476985096824,False
1140,73.0,97.0,75.23771055824866,0.21496488300998418,False
1141,73.0,98.0,61.45079110870405,0.17557368537053777,False
969,74.0,60.0,70.82650715588649,0.20236144496958955,True
1142,74.0,77.0,25.019634277372507,0.07148466793422807,False
1143,74.0,79.0,55.844853871515724,0.15955672215605327,False
1144,74.0,85.0,74.96420770818084,0.21418344631113337,False
1145,74.0,86.0,61.04132006624758,0.1744037681297748,False
1146,74.0,89.0,55.83873843391498,0.15953924947754344,False
1147,74.0,97.0,86.59092114961172,0.24740262690798084,False
1148,74.0,98.0,74.82283448820537,0.21377952283356766,False
1149,75.0,79.0,35.34653995512358,0.10099011213769367,False
1150,75.0,81.0,78.78308402949962,0.2250945212966798,False
1151,75.0,82.0,55.96934773464915,0.15991241890074911,False
1152,75.0,83.0,35.52295010344063,0.10149414112280465,False
1153,75.0,87.0,93.74263680038128,0.2678360997872244,False
1154,75.0,89.0,61.29164437350073,0.17511898042190813,False
1155,75.0,96.0,105.94241079499075,0.3026925962175501,False
1156,76.0,77.0,24.98502641935718,0.07138578834187614,False
1157,76.0,79.0,25.089077783278967,0.07168307794713547,False
1158,76.0,80.0,35.35907130995162,0.10102591600791483,False
1159,76.0,81.0,83.16263333958729,0.23760751907524177,False
1160,76.0,82.0,61.331349976427994,0.1752324249994314,False
1161,76.0,83.0,43.386907590684466,0.12396259063698946,False
1162,76.0,85.0,56.087101142282435,0.16024885720154403,False
1163,76.0,90.0,109.18122024648935,0.3119463373224713,False
1164,76.0,91.0,93.3973419447933,0.26684954307670417,False
1165,76.0,94.0,90.72195324238169,0.2592055755084075,False
1166,77.0,93.0,109.22538393646232,0.312072519291299,False
1167,78.0,79.0,24.919741958914116,0.07119926131576935,False
1168,78.0,81.0,74.95221804481591,0.21414919013077585,False
1169,78.0,89.0,55.837862374766274,0.15953674645145435,False
1170,78.0,90.0,134.39776881154657,0.3839936174959748,False
1171,78.0,91.0,122.65392098887072,0.3504397672451209,False
1172,78.0,92.0,114.42396749727627,0.32692561488227684,False
1173,78.0,93.0,127.48802653546839,0.3642514971020225,False
1174,78.0,95.0,38.066812071423705,0.10876231802882132,True
1175,78.0,96.0,124.88758134366333,0.356821653845462,False
1176,78.0,97.0,111.66670574051865,0.3190477243062415,False
537,79.0,49.0,124.93703744816949,0.35696295699836783,True
1177,79.0,80.0,24.892301645693852,0.07112086042242234,False
1178,79.0,92.0,105.71712275920522,0.3020489161281793,False
1179,79.0,93.0,125.24234726588041,0.3578352707458099,False
1180,79.0,96.0,127.6974370834096,0.3648498129413167,False
1181,80.0,82.0,70.47016765893503,0.20134333214151906,False
1182,80.0,83.0,56.0296473141603,0.16008470341019243,False
1183,80.0,85.0,55.786702650729204,0.15939057581427185,False
1184,80.0,86.0,35.297210914983076,0.1008491720258253,False
1185,80.0,90.0,124.83488101218111,0.35667108147280996,False
1186,80.0,91.0,111.42975773326653,0.31837073001334676,False
1187,80.0,93.0,128.02236853025207,0.36577818848515625,False
1188,80.0,95.0,105.92353790418014,0.30263867367345537,False
1189,80.0,96.0,134.7043944764207,0.38486969080666517,False
1190,80.0,97.0,122.40797193052336,0.3497370556638969,False
1191,81.0,82.0,24.96515869015009,0.07132902340241976,False
1192,81.0,83.0,50.08157928553817,0.1430902236683045,False
1193,81.0,85.0,35.37753000256451,0.10107865512861117,False
1194,81.0,86.0,55.81148573722933,0.15946138463142748,False
1195,81.0,90.0,111.36497497067549,0.3181856364096457,False
1196,81.0,91.0,114.55858750902335,0.327310243479576,False
1197,81.0,93.0,103.19851020704493,0.29485288040878493,False
1198,81.0,94.0,106.13461768188651,0.30324175874055476,False
895,81.0,95.0,114.80167048170738,0.32800476624478275,True
1199,82.0,83.0,25.067186617620866,0.07162053176079182,False
1254,83.0,1.0,127.47548783981962,0.3642156722580282,False
821,84.0,53.0,117.1285903142781,0.3346531084905894,True
972,84.0,74.0,114.6390186879805,0.3275400468434289,True
1200,84.0,86.0,49.723666211108466,0.14206761490467185,False
1201,84.0,92.0,114.81793741975963,0.3280512432097168,False
1202,84.0,93.0,100.00745822538394,0.2857355892149565,False
1203,84.0,94.0,103.00800746641099,0.2943085868750024,False
1204,84.0,95.0,111.73231979190355,0.3192351930207347,False
1205,84.0,97.0,106.20528343348876,0.3034436608839517,False
1206,85.0,90.0,106.03841373167428,0.3029668903168743,False
1207,85.0,91.0,102.79805240906944,0.2937087152945954,False
1208,85.0,92.0,106.25054904887686,0.3035729912110454,False
1209,85.0,96.0,106.05317830460385,0.3030090748101151,False
1127,86.0,78.0,89.79216709511168,0.2565490437121953,True
1210,86.0,92.0,103.22999044469931,0.2949428239431414,False
1211,86.0,95.0,99.78942620994609,0.28511264061187874,False
1212,86.0,97.0,106.0201540524147,0.30291471980574747,False
1213,87.0,92.0,111.89647779144148,0.31970421586717696,False
1214,87.0,93.0,102.95210456712289,0.29414886430880227,False
1215,87.0,94.0,106.31365072265467,0.30375328170394755,False
25,88.0,4.0,50.040722811780626,0.14297349088847475,True
111,88.0,72.0,55.931154301375244,0.1598032948078633,True
1216,90.0,93.0,24.971311607768886,0.07134660316669329,False
1217,91.0,95.0,35.101138920746806,0.1002889663392115,False
1218,93.0,22.0,112.87314134891126,0.3224946831184241,False
1219,93.0,94.0,24.95434906727311,0.07129813876624608,False
1220,93.0,95.0,49.74144905974279,0.14211842304261088,False
1221,93.0,96.0,24.957695477380202,0.0713076999377894,False
1222,93.0,97.0,35.48034987335869,0.10137242618214769,False
1223,94.0,97.0,25.011900680995264,0.07146257194502072,False
1225,95.0,68.0,35.258048931379356,0.10073728064633822,False
1226,95.0,76.0,78.74984600513811,0.22499955551468911,False
1224,95.0,79.0,75.17170811658497,0.2147763046090023,True
